secteur,lien
"Communication, publicité",https://www.goafricaonline.com/ci/annuaire/communication-publicite
Bâtiment et construction,https://www.goafricaonline.com/ci/annuaire/entreprises-batiment-construction
Finances,https://www.goafricaonline.com/ci/annuaire/entreprises-finances
Commerces,https://www.goafricaonline.com/ci/annuaire/commerces
Automobile / Moto,https://www.goafricaonline.com/ci/annuaire/automobile-moto
"Informatique, internet",https://www.goafricaonline.com/ci/annuaire/informatique-internet
Immobilier,https://www.goafricaonline.com/ci/annuaire/professionnels-immobilier
"Comptabilité, juridique et conseil",https://www.goafricaonline.com/ci/annuaire/comptabilite-juridique-conseil
Tourisme et loisirs,https://www.goafricaonline.com/ci/annuaire/tourisme-et-loisirs
Santé,https://www.goafricaonline.com/ci/annuaire/sante
Administrations,https://www.goafricaonline.com/ci/annuaire/administrations
Alimentation,https://www.goafricaonline.com/ci/annuaire/alimentation
Artisans,https://www.goafricaonline.com/ci/annuaire/artisans
"Mode, vêtements et textiles",https://www.goafricaonline.com/ci/annuaire/mode-vetements-textiles
Télécommunications,https://www.goafricaonline.com/ci/annuaire/telecommunications
Agroalimentaire,https://www.goafricaonline.com/ci/annuaire/entreprises-agroalimentaires
Associations professionnelles,https://www.goafricaonline.com/ci/annuaire/associations-professionnelles
Autres,https://www.goafricaonline.com/ci/annuaire/autres
Bien être,https://www.goafricaonline.com/ci/annuaire/bien-etre
Emploi,https://www.goafricaonline.com/ci/annuaire/emploi
Energie,https://www.goafricaonline.com/ci/annuaire/secteur-energie
"Formations, éducation",https://www.goafricaonline.com/ci/annuaire/formations-education
Hygiène,https://www.goafricaonline.com/ci/annuaire/produits-hygiene
Import et export,https://www.goafricaonline.com/ci/annuaire/commerce-import-export
Industries,https://www.goafricaonline.com/ci/annuaire/industries
Sécurité,https://www.goafricaonline.com/ci/annuaire/societes-securite
Services,https://www.goafricaonline.com/ci/annuaire/societes-services
Sport,https://www.goafricaonline.com/ci/annuaire/sport
Transports,https://www.goafricaonline.com/ci/annuaire/transports
Urgence,https://www.goafricaonline.com/ci/annuaire/urgence
