secteur,sous_secteur,sous_lien
"Communication, publicité",Agences de communication,https://www.goafricaonline.com/ci/annuaire/agences-de-communication
"Communication, publicité",Art Graphique,https://www.goafricaonline.com/ci/annuaire/art-graphique
"Communication, publicité",Audiovisuel,https://www.goafricaonline.com/ci/annuaire/societes-audiovisuel
"Communication, publicité",Centres d'appels,https://www.goafricaonline.com/ci/annuaire/centres-appels-call-center
"Communication, publicité",Editeurs,https://www.goafricaonline.com/ci/annuaire/editeurs
"Communication, publicité",Enseignes - Gravures,https://www.goafricaonline.com/ci/annuaire/enseignes-lumineuses-gravures
"Communication, publicité",Enseignes lumineuses,https://www.goafricaonline.com/ci/annuaire/enseignes-lumineuses
"Communication, publicité",Evénementiel,https://www.goafricaonline.com/ci/annuaire/societes-evenementiel
"Communication, publicité",Impression numérique,https://www.goafricaonline.com/ci/annuaire/impression-numerique
"Communication, publicité",Imprimeries,https://www.goafricaonline.com/ci/annuaire/imprimeries
"Communication, publicité",Journaux - Presse - Magazine,https://www.goafricaonline.com/ci/annuaire/journaux-presse
"Communication, publicité",Magazines,https://www.goafricaonline.com/ci/annuaire/magazines-journaux-presse
"Communication, publicité",Médias,https://www.goafricaonline.com/ci/annuaire/medias
"Communication, publicité",Multimédias,https://www.goafricaonline.com/ci/annuaire/multimedias
"Communication, publicité",Objets - Cadeaux publicitaires,https://www.goafricaonline.com/ci/annuaire/objets-cadeaux-publicitaires
"Communication, publicité",Publicité,https://www.goafricaonline.com/ci/annuaire/publicite
"Communication, publicité",Radios,https://www.goafricaonline.com/ci/annuaire/radios
"Communication, publicité",Régie publicitaire,https://www.goafricaonline.com/ci/annuaire/regie-publicitaire
"Communication, publicité","Salons, foires et festivals",https://www.goafricaonline.com/ci/annuaire/salons-foires
"Communication, publicité",Sérigraphie,https://www.goafricaonline.com/ci/annuaire/serigraphie
"Communication, publicité",Télévisions,https://www.goafricaonline.com/ci/annuaire/televisions
Bâtiment et construction,Adduction d'eau,https://www.goafricaonline.com/ci/annuaire/entreprises-adduction-eau
Bâtiment et construction,Aluminium,https://www.goafricaonline.com/ci/annuaire/societes-specialistes-aluminium
Bâtiment et construction,Aménagement foncier,https://www.goafricaonline.com/ci/annuaire/amenagement-foncier
Bâtiment et construction,Architectes,https://www.goafricaonline.com/ci/annuaire/societes-architecture
Bâtiment et construction,Architectes d'intérieur,https://www.goafricaonline.com/ci/annuaire/architecte-interieur
Bâtiment et construction,Ascenseurs,https://www.goafricaonline.com/ci/annuaire/ascenseurs
Bâtiment et construction,Assainissement / Canalisations,https://www.goafricaonline.com/ci/annuaire/assainissement-canalisations
Bâtiment et construction,Bâtiment / Travaux publics,https://www.goafricaonline.com/ci/annuaire/batiment-travaux-publics
Bâtiment et construction,Béton,https://www.goafricaonline.com/ci/annuaire/construction-beton
Bâtiment et construction,Bois,https://www.goafricaonline.com/ci/annuaire/bois
Bâtiment et construction,Carrelage,https://www.goafricaonline.com/ci/annuaire/entreprises-carrelage
Bâtiment et construction,Carrière - Concassage,https://www.goafricaonline.com/ci/annuaire/concassage
Bâtiment et construction,Chaudronnerie,https://www.goafricaonline.com/ci/annuaire/chaudronnerie
Bâtiment et construction,Construction,https://www.goafricaonline.com/ci/annuaire/construction
Bâtiment et construction,Constructions métalliques,https://www.goafricaonline.com/ci/annuaire/constructions-metalliques
Bâtiment et construction,Cuisines,https://www.goafricaonline.com/ci/annuaire/fabriquant-distribution-vente-cuisine
Bâtiment et construction,Décoration / Agencement,https://www.goafricaonline.com/ci/annuaire/agencement-decoration
Bâtiment et construction,Eau / Forage,https://www.goafricaonline.com/ci/annuaire/eau-forage
Bâtiment et construction,Ebénisterie,https://www.goafricaonline.com/ci/annuaire/ebenisterie
Bâtiment et construction,Etanchéité,https://www.goafricaonline.com/ci/annuaire/etancheite
Bâtiment et construction,Ferronneries,https://www.goafricaonline.com/ci/annuaire/ferronneries-fer-forge
Bâtiment et construction,Froid / Climatisation,https://www.goafricaonline.com/ci/annuaire/froid-climatisation
Bâtiment et construction,Génie civil,https://www.goafricaonline.com/ci/annuaire/genie-civil
Bâtiment et construction,Géomètres,https://www.goafricaonline.com/ci/annuaire/geometres
Bâtiment et construction,Hydraulique / Irrigation,https://www.goafricaonline.com/ci/annuaire/hydraulique-irrigation
Bâtiment et construction,Laboratoires BTP,https://www.goafricaonline.com/ci/annuaire/laboratoires-btp
Bâtiment et construction,Marbrerie,https://www.goafricaonline.com/ci/annuaire/marbreries-marbriers
Bâtiment et construction,Matériaux de construction,https://www.goafricaonline.com/ci/annuaire/materiaux-construction
Bâtiment et construction,Matériel topographique,https://www.goafricaonline.com/ci/annuaire/materiel-topographique
Bâtiment et construction,Matériels de BTP,https://www.goafricaonline.com/ci/annuaire/materiels-btp
Bâtiment et construction,Menuiserie aluminium,https://www.goafricaonline.com/ci/annuaire/menuiserie-aluminium
Bâtiment et construction,Menuiserie bois,https://www.goafricaonline.com/ci/annuaire/menuiserie-bois
Bâtiment et construction,Menuiserie industrielle,https://www.goafricaonline.com/ci/annuaire/menuiserie-industrielle
Bâtiment et construction,Menuiserie métallique,https://www.goafricaonline.com/ci/annuaire/menuiserie-metallique
Bâtiment et construction,Moteurs et pompes,https://www.goafricaonline.com/ci/annuaire/moteurs-pompes
Bâtiment et construction,Peinture,https://www.goafricaonline.com/ci/annuaire/entreprises-peinture
Bâtiment et construction,Portes / Fenêtres,https://www.goafricaonline.com/ci/annuaire/portes-fenetres
Bâtiment et construction,Préfabriqués,https://www.goafricaonline.com/ci/annuaire/prefabriques-construction-modulaire
Bâtiment et construction,Revêtements,https://www.goafricaonline.com/ci/annuaire/revetements
Bâtiment et construction,Sanitaires,https://www.goafricaonline.com/ci/annuaire/sanitaires
Bâtiment et construction,"Scieries, bois",https://www.goafricaonline.com/ci/annuaire/scieries-specialistes-bois
Bâtiment et construction,Soudeurs,https://www.goafricaonline.com/ci/annuaire/soudeurs
Bâtiment et construction,Toitures,https://www.goafricaonline.com/ci/annuaire/toitures
Bâtiment et construction,Tôlerie,https://www.goafricaonline.com/ci/annuaire/tolerie
Bâtiment et construction,Topographies,https://www.goafricaonline.com/ci/annuaire/topographies
Bâtiment et construction,Travaux sous-marins,https://www.goafricaonline.com/ci/annuaire/travaux-sous-marins-constructions-marines
Bâtiment et construction,Urbanisme,https://www.goafricaonline.com/ci/annuaire/societes-urbanisme
Finances,Actuaires,https://www.goafricaonline.com/ci/annuaire/actuaires
Finances,Assurances,https://www.goafricaonline.com/ci/annuaire/assurances
Finances,Assurances - Courtiers,https://www.goafricaonline.com/ci/annuaire/courtiers-en-assurance
Finances,Banques,https://www.goafricaonline.com/ci/annuaire/banques
Finances,Bureaux d'appui financier,https://www.goafricaonline.com/ci/annuaire/bureaux-appui-financier
Finances,Bureaux de change,https://www.goafricaonline.com/ci/annuaire/bureaux-de-change
Finances,Epargne,https://www.goafricaonline.com/ci/annuaire/epargne
Finances,Equipement bancaire,https://www.goafricaonline.com/ci/annuaire/equipement-bancaire
Finances,Expert automobile,https://www.goafricaonline.com/ci/annuaire/expertise-automobile
Finances,Expertise financière,https://www.goafricaonline.com/ci/annuaire/expertise-financiere
Finances,Fonds d’investissement,https://www.goafricaonline.com/ci/annuaire/fond-investissement
Finances,Microfinance,https://www.goafricaonline.com/ci/annuaire/microfinance
Finances,Organismes de crédit,https://www.goafricaonline.com/ci/annuaire/organismes-de-credit
Finances,Sécurité bancaire,https://www.goafricaonline.com/ci/annuaire/securite-bancaire
Finances,Sociétés de bourse,https://www.goafricaonline.com/ci/annuaire/societes-de-bourse
Finances,Sociétés de financement,https://www.goafricaonline.com/ci/annuaire/societes-financement
Finances,Transferts de fonds,https://www.goafricaonline.com/ci/annuaire/transferts-de-fonds
Finances,Transport de fonds,https://www.goafricaonline.com/ci/annuaire/transport-fonds
Commerces,Ameublement,https://www.goafricaonline.com/ci/annuaire/ameublement
Commerces,Animalerie - aquariophilie,https://www.goafricaonline.com/ci/annuaire/animalerie-aquariophilie
Commerces,Appareils électroménagers,https://www.goafricaonline.com/ci/annuaire/appareils-electromenagers
Commerces,Articles ménagers,https://www.goafricaonline.com/ci/annuaire/articles-menagers
Commerces,Arts de la table,https://www.goafricaonline.com/ci/annuaire/boutiques-art-de-la-table
Commerces,Bijouterie - Joaillerie,https://www.goafricaonline.com/ci/annuaire/bijouterie-joaillerie
Commerces,Bricolage,https://www.goafricaonline.com/ci/annuaire/boutiques-bricolage
Commerces,Centres commerciaux,https://www.goafricaonline.com/ci/annuaire/centres-commerciaux
Commerces,Centres d'affaires / Coworking,https://www.goafricaonline.com/ci/annuaire/centres-affaires
Commerces,Commerce général,https://www.goafricaonline.com/ci/annuaire/boutiques
Commerces,Cosmétique,https://www.goafricaonline.com/ci/annuaire/cosmetique
Commerces,Fleuristes,https://www.goafricaonline.com/ci/annuaire/fleuristes
Commerces,Fournitures de bureau,https://www.goafricaonline.com/ci/annuaire/fournitures-bureau
Commerces,Fournitures scolaires,https://www.goafricaonline.com/ci/annuaire/fournitures-scolaires
Commerces,Galerie d'art,https://www.goafricaonline.com/ci/annuaire/galerie-art
Commerces,Jeux - Jouets,https://www.goafricaonline.com/ci/annuaire/jeux-jouets
Commerces,Laboratoires photographiques,https://www.goafricaonline.com/ci/annuaire/laboratoires-photographiques
Commerces,Librairie,https://www.goafricaonline.com/ci/annuaire/librairie
Commerces,Loterie,https://www.goafricaonline.com/ci/annuaire/loterie
Commerces,Matelas - Mousse,https://www.goafricaonline.com/ci/annuaire/matelas-mousse
Commerces,Matériel et équipement frigorifique,https://www.goafricaonline.com/ci/annuaire/materiel-froid
Commerces,Matériels de réceptions,https://www.goafricaonline.com/ci/annuaire/materiels-de-reception
Commerces,Merceries,https://www.goafricaonline.com/ci/annuaire/merceries
Commerces,Meubles,https://www.goafricaonline.com/ci/annuaire/meubles
Commerces,Mobilier de bureau,https://www.goafricaonline.com/ci/annuaire/mobilier-de-bureau
Commerces,Objets d'art,https://www.goafricaonline.com/ci/annuaire/objets-art-peinture-sculpture
Commerces,Papeterie,https://www.goafricaonline.com/ci/annuaire/papeterie
Commerces,Parfumeries,https://www.goafricaonline.com/ci/annuaire/parfumerie
Commerces,Pompes funèbres,https://www.goafricaonline.com/ci/annuaire/pompes-funebres
Commerces,Pressings,https://www.goafricaonline.com/ci/annuaire/pressings
Commerces,Produits cosmétiques,https://www.goafricaonline.com/ci/annuaire/vente-produits-cosmetique
Commerces,Produits d'entretien,https://www.goafricaonline.com/ci/annuaire/produits-entretien
Commerces,Quincaillerie,https://www.goafricaonline.com/ci/annuaire/quincailleries
Commerces,Représentation commerciale,https://www.goafricaonline.com/ci/annuaire/representants-commerciaux
Commerces,Stylismes,https://www.goafricaonline.com/ci/annuaire/stylismes
Commerces,Supermarchés,https://www.goafricaonline.com/ci/annuaire/supermarches
Commerces,Tabac - Cigarette,https://www.goafricaonline.com/ci/annuaire/tabac-cigarette
Commerces,Tôles (vente),https://www.goafricaonline.com/ci/annuaire/toles
Commerces,Vente de ciment,https://www.goafricaonline.com/ci/annuaire/vente-ciment
Commerces,Vente en ligne,https://www.goafricaonline.com/ci/annuaire/sites-vente-en-ligne
Automobile / Moto,Auto-écoles,https://www.goafricaonline.com/ci/annuaire/auto-ecoles-apprendre-conduire
Automobile / Moto,Bobinage générale,https://www.goafricaonline.com/ci/annuaire/bobinage-generale
Automobile / Moto,Carrosserie,https://www.goafricaonline.com/ci/annuaire/carrossries-voitures-moto
Automobile / Moto,Chantier Naval / Réparation de navire,https://www.goafricaonline.com/ci/annuaire/bateaux-moteurs-vente-location
Automobile / Moto,Concessionnaires automobiles et moto,https://www.goafricaonline.com/ci/annuaire/concessionnaires-automobiles-moto
Automobile / Moto,Diéséliste,https://www.goafricaonline.com/ci/annuaire/dieseliste
Automobile / Moto,Garages - Mécanique générale,https://www.goafricaonline.com/ci/annuaire/garages-mecanique-generale
Automobile / Moto,Lavage automobile,https://www.goafricaonline.com/ci/annuaire/lavage-automobile-voiture
Automobile / Moto,Location de voitures,https://www.goafricaonline.com/ci/annuaire/location-voitures
Automobile / Moto,Lubrifiants,https://www.goafricaonline.com/ci/annuaire/lubrifiants
Automobile / Moto,Parc auto,https://www.goafricaonline.com/ci/annuaire/parc-auto
Automobile / Moto,Pièces détachées,https://www.goafricaonline.com/ci/annuaire/pieces-detachees-automobile-voiture-moto
Automobile / Moto,Pneumatiques,https://www.goafricaonline.com/ci/annuaire/pneumatiques-vente-pneus
Automobile / Moto,Stations essence,https://www.goafricaonline.com/ci/annuaire/stations-essence
Automobile / Moto,Véhicules industriels,https://www.goafricaonline.com/ci/annuaire/vente-vehicules-industriels
Automobile / Moto,Vente de camions,https://www.goafricaonline.com/ci/annuaire/vente-de-camions
Automobile / Moto,Vente de cycles - motos,https://www.goafricaonline.com/ci/annuaire/vente-cycles-motos
Automobile / Moto,Vente de voitures,https://www.goafricaonline.com/ci/annuaire/vente-voitures-automobile
"Informatique, internet",Archivage numérique et physique - GED,https://www.goafricaonline.com/ci/annuaire/archivage-numerique
"Informatique, internet",Assistance technique,https://www.goafricaonline.com/ci/annuaire/assistance-technique
"Informatique, internet",Bureautique,https://www.goafricaonline.com/ci/annuaire/bureautique
"Informatique, internet",Consommables informatiques,https://www.goafricaonline.com/ci/annuaire/consommables-informatiques-reseaux
"Informatique, internet",Consultants informatiques,https://www.goafricaonline.com/ci/annuaire/consultants-informatiques
"Informatique, internet",Cybercafés,https://www.goafricaonline.com/ci/annuaire/cybercafes
"Informatique, internet",Formation informatique,https://www.goafricaonline.com/ci/annuaire/formation-informatique
"Informatique, internet",Fournisseur d'accès internet,https://www.goafricaonline.com/ci/annuaire/fournisseurs-acces-internet
"Informatique, internet",Géolocalisation,https://www.goafricaonline.com/ci/annuaire/geolocalisation
"Informatique, internet","Hébergement, cloud",https://www.goafricaonline.com/ci/annuaire/hebergement-sites-internet-cloud
"Informatique, internet",Informatique,https://www.goafricaonline.com/ci/annuaire/informatique
"Informatique, internet",Ingénierie informatique,https://www.goafricaonline.com/ci/annuaire/ingenierie-informatique
"Informatique, internet",Internet,https://www.goafricaonline.com/ci/annuaire/internet
"Informatique, internet",Maintenance informatique,https://www.goafricaonline.com/ci/annuaire/maintenance-informatique
"Informatique, internet",Matériel informatique,https://www.goafricaonline.com/ci/annuaire/materiels-informatiques-bureautique
"Informatique, internet",Monétique,https://www.goafricaonline.com/ci/annuaire/monetique-informatique
"Informatique, internet",Réseaux - Télécommunication,https://www.goafricaonline.com/ci/annuaire/reseaux-telecommunication
"Informatique, internet",Sécurité informatique,https://www.goafricaonline.com/ci/annuaire/securite-informatique
"Informatique, internet",Startup,https://www.goafricaonline.com/ci/annuaire/startup
"Informatique, internet",Technologie appliquée,https://www.goafricaonline.com/ci/annuaire/societes-de-technologie-appliquee
Immobilier,Agences immobilières,https://www.goafricaonline.com/ci/annuaire/agences-immobilieres
Immobilier,Expertise immobilière,https://www.goafricaonline.com/ci/annuaire/expertise-immobiliere
Immobilier,Gestion immobilière,https://www.goafricaonline.com/ci/annuaire/gestion-immobiliere
Immobilier,Immobilier,https://www.goafricaonline.com/ci/annuaire/immobilier
Immobilier,Promoteurs immobiliers,https://www.goafricaonline.com/ci/annuaire/promoteurs-immobiliers
"Comptabilité, juridique et conseil",Audit - Conseil,https://www.goafricaonline.com/ci/annuaire/audit-conseil
"Comptabilité, juridique et conseil",Bureaux d'études - Conseils - Consultants,https://www.goafricaonline.com/ci/annuaire/bureaux-etude-conseils
"Comptabilité, juridique et conseil",Bureaux d'expertises,https://www.goafricaonline.com/ci/annuaire/bureaux-expertises
"Comptabilité, juridique et conseil",Bureaux de contrôles,https://www.goafricaonline.com/ci/annuaire/bureaux-controles
"Comptabilité, juridique et conseil",Cabinets d'avocats,https://www.goafricaonline.com/ci/annuaire/cabinets-avocat
"Comptabilité, juridique et conseil",Certification,https://www.goafricaonline.com/ci/annuaire/certification
"Comptabilité, juridique et conseil",Commissaires aux comptes,https://www.goafricaonline.com/ci/annuaire/commissaires-aux-comptes
"Comptabilité, juridique et conseil",Commissaires-priseurs,https://www.goafricaonline.com/ci/annuaire/commissaires-priseurs
"Comptabilité, juridique et conseil",Commissionnaires en douane,https://www.goafricaonline.com/ci/annuaire/commissionnaires-en-douane
"Comptabilité, juridique et conseil",Conseil juridique - Conseil fiscal,https://www.goafricaonline.com/ci/annuaire/conseil-juridique-fiscal
"Comptabilité, juridique et conseil",Contrôle et inspection,https://www.goafricaonline.com/ci/annuaire/contr%C3%B4le-inspection
"Comptabilité, juridique et conseil",Contrôle qualité,https://www.goafricaonline.com/ci/annuaire/controle-qualite
"Comptabilité, juridique et conseil",Expert maritime,https://www.goafricaonline.com/ci/annuaire/expert-maritime
"Comptabilité, juridique et conseil",Expertise - Contrôle,https://www.goafricaonline.com/ci/annuaire/expertise-controle
"Comptabilité, juridique et conseil",Expertise comptable,https://www.goafricaonline.com/ci/annuaire/expert-comptable
"Comptabilité, juridique et conseil",Gestion des ressources humaines,https://www.goafricaonline.com/ci/annuaire/gestion-ressources-humaines
"Comptabilité, juridique et conseil",Huissiers de justice,https://www.goafricaonline.com/ci/annuaire/huissiers-de-justice
"Comptabilité, juridique et conseil",Ingénieurs conseils,https://www.goafricaonline.com/ci/annuaire/ingenieurs-conseils
"Comptabilité, juridique et conseil",Management,https://www.goafricaonline.com/ci/annuaire/management
"Comptabilité, juridique et conseil",Marketing,https://www.goafricaonline.com/ci/annuaire/societes-marketing
"Comptabilité, juridique et conseil",Notaires,https://www.goafricaonline.com/ci/annuaire/notaires
"Comptabilité, juridique et conseil",Projets - Bureaux d'appui,https://www.goafricaonline.com/ci/annuaire/projets-bureaux-appui
"Comptabilité, juridique et conseil",Propriété intellectuelle,https://www.goafricaonline.com/ci/annuaire/propriete-intellectuelle-industrielle-brevets-marques
"Comptabilité, juridique et conseil",Sociétés de recouvrement,https://www.goafricaonline.com/ci/annuaire/recouvrement
Tourisme et loisirs,Agences d'immigration,https://www.goafricaonline.com/ci/annuaire/agences-immigration
Tourisme et loisirs,Agences de voyage,https://www.goafricaonline.com/ci/annuaire/agences-de-voyage
Tourisme et loisirs,Auberges,https://www.goafricaonline.com/ci/annuaire/auberges
Tourisme et loisirs,Casinos,https://www.goafricaonline.com/ci/annuaire/casinos
Tourisme et loisirs,Centre de loisirs,https://www.goafricaonline.com/ci/annuaire/centre-loisirs
Tourisme et loisirs,Centres culturels,https://www.goafricaonline.com/ci/annuaire/centres-culturels
Tourisme et loisirs,Chambres d'hôtes,https://www.goafricaonline.com/ci/annuaire/chambres-maison-hotes
Tourisme et loisirs,Cinémas,https://www.goafricaonline.com/ci/annuaire/cinemas
Tourisme et loisirs,Equipements hôteliers,https://www.goafricaonline.com/ci/annuaire/equipements-hoteliers
Tourisme et loisirs,Foires - Expositions,https://www.goafricaonline.com/ci/annuaire/foires-expositions
Tourisme et loisirs,Hôtels,https://www.goafricaonline.com/ci/annuaire/hotels
Tourisme et loisirs,"Location de salles, lieux de réception",https://www.goafricaonline.com/ci/annuaire/locatio-salles-reception
Tourisme et loisirs,Musées,https://www.goafricaonline.com/ci/annuaire/musees
Tourisme et loisirs,Musique,https://www.goafricaonline.com/ci/annuaire/musique
Tourisme et loisirs,Night clubs - Discothèques,https://www.goafricaonline.com/ci/annuaire/night-club-discotheques
Tourisme et loisirs,Offices du tourisme,https://www.goafricaonline.com/ci/annuaire/offices-du-tourisme
Tourisme et loisirs,Parcs d'attraction,https://www.goafricaonline.com/ci/annuaire/parcs-attraction
Tourisme et loisirs,Parcs nationaux,https://www.goafricaonline.com/ci/annuaire/parcs-nationaux
Tourisme et loisirs,Piscine,https://www.goafricaonline.com/ci/annuaire/piscines
Tourisme et loisirs,Résidence,https://www.goafricaonline.com/ci/annuaire/residence
Tourisme et loisirs,Safaris,https://www.goafricaonline.com/ci/annuaire/safaris
Tourisme et loisirs,Sites touristiques,https://www.goafricaonline.com/ci/annuaire/sites-touristiques
Tourisme et loisirs,Sonorisation et éclairage,https://www.goafricaonline.com/ci/annuaire/sonorisation-eclairage
Tourisme et loisirs,Tourisme,https://www.goafricaonline.com/ci/annuaire/tourisme
Santé,Anesthésistes,https://www.goafricaonline.com/ci/annuaire/anesthesistes
Santé,Audioprothesistes,https://www.goafricaonline.com/ci/annuaire/audioprothesistes
Santé,Biologistes,https://www.goafricaonline.com/ci/annuaire/biologistes
Santé,Cabinets médicaux,https://www.goafricaonline.com/ci/annuaire/cabinets-medicaux
Santé,Cardiologues,https://www.goafricaonline.com/ci/annuaire/cardiologues
Santé,Centres médicaux sociaux,https://www.goafricaonline.com/ci/annuaire/centres-medicaux-sociaux
Santé,Chiropracteurs et  Ostéopathes,https://www.goafricaonline.com/ci/annuaire/osteopathe-chiropracteur
Santé,Chirurgiens,https://www.goafricaonline.com/ci/annuaire/chirurgiens
Santé,Cliniques - Polycliniques,https://www.goafricaonline.com/ci/annuaire/cliniques-polycliniques
Santé,Dentistes - Cabinets dentaires,https://www.goafricaonline.com/ci/annuaire/dentistes
Santé,Dermatologues,https://www.goafricaonline.com/ci/annuaire/dermatologues
Santé,Diététiciens,https://www.goafricaonline.com/ci/annuaire/dieteticiens
Santé,Equipements médicaux,https://www.goafricaonline.com/ci/annuaire/equipements-m%C3%A9dicaux
Santé,Gastro-entérologie,https://www.goafricaonline.com/ci/annuaire/gastro-enterologie
Santé,Grossistes pharmaceutiques,https://www.goafricaonline.com/ci/annuaire/grossistes-pharmaceutiques
Santé,Gynécologue,https://www.goafricaonline.com/ci/annuaire/gynecologues
Santé,Hôpitaux,https://www.goafricaonline.com/ci/annuaire/hopitaux
Santé,Kinésithérapeutes,https://www.goafricaonline.com/ci/annuaire/kinesitherapeutes-physiotherapeutes
Santé,Laboratoires d'analyses médicales,https://www.goafricaonline.com/ci/annuaire/laboratoires-analyses-medicales
Santé,Médecine du travail,https://www.goafricaonline.com/ci/annuaire/medecine-travail
Santé,Médecine interne,https://www.goafricaonline.com/ci/annuaire/medecine-interne
Santé,Médecine traditionnelle,https://www.goafricaonline.com/ci/annuaire/medecine-traditionnelle
Santé,Médecins généralistes,https://www.goafricaonline.com/ci/annuaire/medecins-generalistes
Santé,Neurologie,https://www.goafricaonline.com/ci/annuaire/neurologie
Santé,Ophtalmologues,https://www.goafricaonline.com/ci/annuaire/ophtalmologues
Santé,Opticiens,https://www.goafricaonline.com/ci/annuaire/opticiens
Santé,ORL,https://www.goafricaonline.com/ci/annuaire/medecins-orl
Santé,Orthopédie,https://www.goafricaonline.com/ci/annuaire/orthopedique
Santé,Orthophonistes,https://www.goafricaonline.com/ci/annuaire/orthophonistes
Santé,Pédiatrie,https://www.goafricaonline.com/ci/annuaire/pediatrie
Santé,Pharmacies,https://www.goafricaonline.com/ci/annuaire/pharmacies
Santé,Pharmacies vétérinaires,https://www.goafricaonline.com/ci/annuaire/pharmacies-veterinaires
Santé,Pneumologie,https://www.goafricaonline.com/ci/annuaire/pneumologie
Santé,Podologues,https://www.goafricaonline.com/ci/annuaire/podologue-pedicure
Santé,Produits diététiques,https://www.goafricaonline.com/ci/annuaire/produits-dietetiques
Santé,Produits pharmaceutiques,https://www.goafricaonline.com/ci/annuaire/produits-pharmaceutiques
Santé,Produits phytosanitaires,https://www.goafricaonline.com/ci/annuaire/produits-phytosanitaires
Santé,Produits vétérinaires,https://www.goafricaonline.com/ci/annuaire/produits-veterinaires
Santé,Psychiatre,https://www.goafricaonline.com/ci/annuaire/psychiatre
Santé,Psychologues,https://www.goafricaonline.com/ci/annuaire/psychologues
Santé,Radiologie,https://www.goafricaonline.com/ci/annuaire/radiologie
Santé,Représentants médicaux,https://www.goafricaonline.com/ci/annuaire/representants-medicaux
Santé,Santé,https://www.goafricaonline.com/ci/annuaire/sante_
Santé,Tradithérapeutes,https://www.goafricaonline.com/ci/annuaire/traditherapeutes
Santé,Vétérinaires,https://www.goafricaonline.com/ci/annuaire/veterinaires
Administrations,Administrations,https://www.goafricaonline.com/ci/annuaire/administration
Administrations,Agences de développement,https://www.goafricaonline.com/ci/annuaire/agence-de-developpement
Administrations,Ambassades et consulats,https://www.goafricaonline.com/ci/annuaire/ambassades-consulats
Administrations,Aménagement du territoire,https://www.goafricaonline.com/ci/annuaire/amenagement
Administrations,Appui au développement,https://www.goafricaonline.com/ci/annuaire/appui-developpement
Administrations,Assistance sociale,https://www.goafricaonline.com/ci/annuaire/assistance-sociale
Administrations,Associations,https://www.goafricaonline.com/ci/annuaire/associations
Administrations,Cartographie,https://www.goafricaonline.com/ci/annuaire/cartographie
Administrations,Chambres de commerce,https://www.goafricaonline.com/ci/annuaire/chambres-commerce
Administrations,Directions nationales,https://www.goafricaonline.com/ci/annuaire/directions-nationales
Administrations,Douanes,https://www.goafricaonline.com/ci/annuaire/douanes
Administrations,Environnement,https://www.goafricaonline.com/ci/annuaire/environnement
Administrations,Fondations,https://www.goafricaonline.com/ci/annuaire/fondations
Administrations,Ministères,https://www.goafricaonline.com/ci/annuaire/ministeres
Administrations,Offices nationaux,https://www.goafricaonline.com/ci/annuaire/offices-nationaux
Administrations,Organisations non-gouvernementales (ONG),https://www.goafricaonline.com/ci/annuaire/organisations-non-gouvernementales-ong
Administrations,Organismes internationaux,https://www.goafricaonline.com/ci/annuaire/organismes-internationaux
Administrations,Poste,https://www.goafricaonline.com/ci/annuaire/postes
Administrations,Sécurité sociale,https://www.goafricaonline.com/ci/annuaire/securite-sociale
Administrations,Trésor public,https://www.goafricaonline.com/ci/annuaire/tresor-public
Alimentation,Bars,https://www.goafricaonline.com/ci/annuaire/bars
Alimentation,Boucheries,https://www.goafricaonline.com/ci/annuaire/boucheries
Alimentation,Boulangeries - Pâtisseries,https://www.goafricaonline.com/ci/annuaire/boulangeries-patisseries
Alimentation,Caves à vin,https://www.goafricaonline.com/ci/annuaire/caves-a-vin
Alimentation,Chocolaterie - Confiserie,https://www.goafricaonline.com/ci/annuaire/chocolaterie-confiserie
Alimentation,Crèmerie / Glacier,https://www.goafricaonline.com/ci/annuaire/cremerie-glacier
Alimentation,Epiceries et épiceries fines,https://www.goafricaonline.com/ci/annuaire/epicerie
Alimentation,Fast food,https://www.goafricaonline.com/ci/annuaire/fast-food
Alimentation,Maquis,https://www.goafricaonline.com/ci/annuaire/maquis
Alimentation,Pizzeria,https://www.goafricaonline.com/ci/annuaire/pizzeria
Alimentation,Poissonnerie,https://www.goafricaonline.com/ci/annuaire/poissoneries
Alimentation,Restaurants,https://www.goafricaonline.com/ci/annuaire/restaurants
Alimentation,Salon de thé,https://www.goafricaonline.com/ci/annuaire/salon-the
Alimentation,Traiteurs,https://www.goafricaonline.com/ci/annuaire/traiteurs
Artisans,Artisanat,https://www.goafricaonline.com/ci/annuaire/artisanat
Artisans,Ateliers de couture,https://www.goafricaonline.com/ci/annuaire/ateliers-de-couture
Artisans,Ateliers de teinture,https://www.goafricaonline.com/ci/annuaire/ateliers-teinture
Artisans,Broderies,https://www.goafricaonline.com/ci/annuaire/broderies
Artisans,Miroiterie / Vitrerie,https://www.goafricaonline.com/ci/annuaire/miroiterie-vitrerie
Artisans,Plomberie,https://www.goafricaonline.com/ci/annuaire/plomberie-sanitaires
Artisans,Salons de coiffure,https://www.goafricaonline.com/ci/annuaire/salons-de-coiffure
Artisans,Serrureries,https://www.goafricaonline.com/ci/annuaire/serrureries
Artisans,Tapisserie,https://www.goafricaonline.com/ci/annuaire/tapisserie
"Mode, vêtements et textiles",Accessoires de mode,https://www.goafricaonline.com/ci/annuaire/accessoires-mode
"Mode, vêtements et textiles",Boutiques bébés et enfants,https://www.goafricaonline.com/ci/annuaire/boutiques-enfants
"Mode, vêtements et textiles",Chaussures,https://www.goafricaonline.com/ci/annuaire/chaussures
"Mode, vêtements et textiles",Friperies,https://www.goafricaonline.com/ci/annuaire/friperies
"Mode, vêtements et textiles",Lingeries,https://www.goafricaonline.com/ci/annuaire/lingerie
"Mode, vêtements et textiles",Maroquinerie,https://www.goafricaonline.com/ci/annuaire/maroquinerie
"Mode, vêtements et textiles",Prêt à porter,https://www.goafricaonline.com/ci/annuaire/boutiques-pret-a-porter
"Mode, vêtements et textiles",Tissus et textiles,https://www.goafricaonline.com/ci/annuaire/vente-vetements-textiles
Télécommunications,Cartes de recharge,https://www.goafricaonline.com/ci/annuaire/cartes-recharge
Télécommunications,Opérateurs téléphoniques,https://www.goafricaonline.com/ci/annuaire/operateurs-telephoniques
Télécommunications,Télécentres,https://www.goafricaonline.com/ci/annuaire/telecentres
Télécommunications,Télécommunications,https://www.goafricaonline.com/ci/annuaire/telephonie-afrique
Télécommunications,Téléphonie mobile,https://www.goafricaonline.com/ci/annuaire/telephonie-mobile
Agroalimentaire,Abattoirs / Viande,https://www.goafricaonline.com/ci/annuaire/abattoirs-viande
Agroalimentaire,Agriculture,https://www.goafricaonline.com/ci/annuaire/agriculture
Agroalimentaire,Agro-industrie,https://www.goafricaonline.com/ci/annuaire/entreprises-agro-industrie
Agroalimentaire,Agroalimentaire,https://www.goafricaonline.com/ci/annuaire/agroalimentaire
Agroalimentaire,Agrochimie,https://www.goafricaonline.com/ci/annuaire/entreprises-agrochimie
Agroalimentaire,Agronomie,https://www.goafricaonline.com/ci/annuaire/agronomie
Agroalimentaire,Alimentation animale,https://www.goafricaonline.com/ci/annuaire/alimentation-animale
Agroalimentaire,Alimentation générale,https://www.goafricaonline.com/ci/annuaire/alimentation-generale
Agroalimentaire,Aquaculture - pisciculture,https://www.goafricaonline.com/ci/annuaire/aquaculture-pisciculture
Agroalimentaire,Boissons,https://www.goafricaonline.com/ci/annuaire/boissons-fabrication-distribution
Agroalimentaire,Café - Cacao,https://www.goafricaonline.com/ci/annuaire/cafe-cacao
Agroalimentaire,Compléments alimentaires,https://www.goafricaonline.com/ci/annuaire/complements-alimentaires
Agroalimentaire,"Eau (production, distribution)",https://www.goafricaonline.com/ci/annuaire/eau-production-distribution
Agroalimentaire,Eau de table,https://www.goafricaonline.com/ci/annuaire/eau-de-table
Agroalimentaire,Eau minérale,https://www.goafricaonline.com/ci/annuaire/eaux-minerales
Agroalimentaire,Elevage,https://www.goafricaonline.com/ci/annuaire/societes-elevage
Agroalimentaire,Engrais,https://www.goafricaonline.com/ci/annuaire/engrais-fabrication-distribution
Agroalimentaire,Farine / Minoterie,https://www.goafricaonline.com/ci/annuaire/farine-minoteries
Agroalimentaire,Fermes avicoles,https://www.goafricaonline.com/ci/annuaire/fermes-avicoles-elevage-volailles
Agroalimentaire,Fruits et légumes,https://www.goafricaonline.com/ci/annuaire/fruits-legumes
Agroalimentaire,Grossistes en alimentation,https://www.goafricaonline.com/ci/annuaire/grossites-produits-alimentaires
Agroalimentaire,Hévéa / Caoutchouc,https://www.goafricaonline.com/ci/annuaire/hevea-caoutchouc
Agroalimentaire,"Huile (production, commercialisation)",https://www.goafricaonline.com/ci/annuaire/huile-production-commercialisation
Agroalimentaire,Intrants agricoles,https://www.goafricaonline.com/ci/annuaire/intrants-agricoles
Agroalimentaire,Matériels et équipements agricoles,https://www.goafricaonline.com/ci/annuaire/mat%C3%A9riels-equipements-agricoles
Agroalimentaire,"Pêche (commercialisation, exportation)",https://www.goafricaonline.com/ci/annuaire/enterprises-peche-commercialisation-exportation
Agroalimentaire,Pêche industrielle,https://www.goafricaonline.com/ci/annuaire/peche-industrielle
Agroalimentaire,Phytothérapie,https://www.goafricaonline.com/ci/annuaire/phytotherapie
Agroalimentaire,Production agricole biologique,https://www.goafricaonline.com/ci/annuaire/production-agricole-biologique
Agroalimentaire,Produits agricoles,https://www.goafricaonline.com/ci/annuaire/produits-agricoles
Agroalimentaire,Produits Congelés / Surgelés,https://www.goafricaonline.com/ci/annuaire/produits-surgeles-congeles
Agroalimentaire,Produits d’élevage,https://www.goafricaonline.com/ci/annuaire/produits-elevage
Agroalimentaire,Produits laitiers,https://www.goafricaonline.com/ci/annuaire/production-produits-laitiers
Agroalimentaire,Riz,https://www.goafricaonline.com/ci/annuaire/production-distribution-riz
Agroalimentaire,Sucre,https://www.goafricaonline.com/ci/annuaire/sucre-production-distribution
Agroalimentaire,Thé,https://www.goafricaonline.com/ci/annuaire/the-production-commercialisation
Agroalimentaire,Traitement des eaux,https://www.goafricaonline.com/ci/annuaire/traitement-eau
Associations professionnelles,Associations professionnelles,https://www.goafricaonline.com/ci/annuaire/cat-associations-professionnelles
Associations professionnelles,Confédérations,https://www.goafricaonline.com/ci/annuaire/confederations
Associations professionnelles,Ordres,https://www.goafricaonline.com/ci/annuaire/ordres-professionnels
Associations professionnelles,Patronat,https://www.goafricaonline.com/ci/annuaire/patronat
Associations professionnelles,Syndicats,https://www.goafricaonline.com/ci/annuaire/syndicats--professionnels
Autres,Contrôle technique,https://www.goafricaonline.com/ci/annuaire/controle-technique
Autres,Moteurs marins,https://www.goafricaonline.com/ci/annuaire/moteurs-marins
Autres,Religion - Lieux de culte,https://www.goafricaonline.com/ci/annuaire/religion-lieux-de-culte
Bien être,Centres d'amincissement,https://www.goafricaonline.com/ci/annuaire/centres-amincissement-maigrir
Bien être,Salon de beauté et d'esthétique,https://www.goafricaonline.com/ci/annuaire/salon-beaute-esthetique
Bien être,SPA / Saunas,https://www.goafricaonline.com/ci/annuaire/spa-sauna
Emploi,Agences de recrutement,https://www.goafricaonline.com/ci/annuaire/agence-de-recrutement
Emploi,Emploi,https://www.goafricaonline.com/ci/annuaire/cat-emploi
Emploi,Travail temporaire - Intérim,https://www.goafricaonline.com/ci/annuaire/societes-travail-temporaire-interim
Energie,Batteries et piles,https://www.goafricaonline.com/ci/annuaire/batteries-piles
Energie,"Electricité (production, distribution)",https://www.goafricaonline.com/ci/annuaire/electricite-production-distribution
Energie,Electromécanique,https://www.goafricaonline.com/ci/annuaire/entreprises-electromecanique
Energie,Electrotechnique,https://www.goafricaonline.com/ci/annuaire/societes-electrotechnique
Energie,Energie,https://www.goafricaonline.com/ci/annuaire/energie
Energie,Energie solaire - renouvelable,https://www.goafricaonline.com/ci/annuaire/energie-solaire-renouvelable
Energie,Equipements pétroliers,https://www.goafricaonline.com/ci/annuaire/equipements-petroliers
Energie,Gaz,https://www.goafricaonline.com/ci/annuaire/entreprises-gaz
Energie,Génie Électrique / Électriciens,https://www.goafricaonline.com/ci/annuaire/electriciens
Energie,Groupe électrogène,https://www.goafricaonline.com/ci/annuaire/vente-groupe-electrogene
Energie,Hydrocarbure - Transport,https://www.goafricaonline.com/ci/annuaire/hydrocarbure-transport
Energie,Hydrocarbure / Pétrole,https://www.goafricaonline.com/ci/annuaire/hydrocarbure-petrole
Energie,Hydrocarbure stockage,https://www.goafricaonline.com/ci/annuaire/hydrocarbure-stockage
"Formations, éducation",Agences de préinscription et assistance visa d'études,https://www.goafricaonline.com/ci/annuaire/agences-preinscription-visa-etudes
"Formations, éducation",Bibliothèque / Médiathèque,https://www.goafricaonline.com/ci/annuaire/bibliotheques-mediatheques
"Formations, éducation",Centres de formation,https://www.goafricaonline.com/ci/annuaire/centres-de-formation
"Formations, éducation",Centres de recherche,https://www.goafricaonline.com/ci/annuaire/centres-de-recherche
"Formations, éducation","Crèche, jardin d'enfants",https://www.goafricaonline.com/ci/annuaire/creche-jardin-enfant-garderies
"Formations, éducation",Ecole de langue,https://www.goafricaonline.com/ci/annuaire/ecole-langue
"Formations, éducation",Ecole de mode,https://www.goafricaonline.com/ci/annuaire/ecole-mode
"Formations, éducation",Ecole maternelle,https://www.goafricaonline.com/ci/annuaire/ecole-maternelle
"Formations, éducation",Ecoles primaires,https://www.goafricaonline.com/ci/annuaire/ecoles-primaires
"Formations, éducation",Ecoles Secondaires,https://www.goafricaonline.com/ci/annuaire/ecoles-secondaires
"Formations, éducation",Ecoles secondaires techniques,https://www.goafricaonline.com/ci/annuaire/ecole-secondaire-technique
"Formations, éducation",Enseignement supérieur - Université,https://www.goafricaonline.com/ci/annuaire/enseignement-superieur-universite
"Formations, éducation",Formation professionnelle,https://www.goafricaonline.com/ci/annuaire/formation-professionnelle
"Formations, éducation",Formations techniques,https://www.goafricaonline.com/ci/annuaire/formations-techniques
Hygiène,Hygiène corporelle,https://www.goafricaonline.com/ci/annuaire/hygiene-corporelle-sante
Hygiène,Hygiène et entretien,https://www.goafricaonline.com/ci/annuaire/produits-entretien-hygiene
Import et export,Centrales d'achats,https://www.goafricaonline.com/ci/annuaire/centrales-achat
Import et export,Distributeurs grossistes,https://www.goafricaonline.com/ci/annuaire/distributeur-grossiste
Import et export,Entreposage,https://www.goafricaonline.com/ci/annuaire/entreposage
Import et export,Import et export,https://www.goafricaonline.com/ci/annuaire/societes-import-export
Import et export,Négoce,https://www.goafricaonline.com/ci/annuaire/societes-negoce
Industries,Accessoires à air comprimé,https://www.goafricaonline.com/ci/annuaire/air-comprime-accessoires
Industries,Allumettes / Bougies,https://www.goafricaonline.com/ci/annuaire/allumettes-bougies
Industries,Armes et munitions,https://www.goafricaonline.com/ci/annuaire/armes-munitions
Industries,Boulonnerie - Robinetterie,https://www.goafricaonline.com/ci/annuaire/boulonnerie-robinetterie
Industries,Brasserie,https://www.goafricaonline.com/ci/annuaire/brasseries
Industries,Cartonnerie,https://www.goafricaonline.com/ci/annuaire/cartonnerie
Industries,Cimenterie,https://www.goafricaonline.com/ci/annuaire/cimenterie
Industries,Coton (production - exploitation),https://www.goafricaonline.com/ci/annuaire/coton-production-exploitation
Industries,Dépannage - Maintenance industrielle,https://www.goafricaonline.com/ci/annuaire/depannage-maintenance-industrielle
Industries,Diamant - Or,https://www.goafricaonline.com/ci/annuaire/industrie-diamant-or
Industries,Emballage -Conditionnement,https://www.goafricaonline.com/ci/annuaire/emballage-conditionnement
Industries,Equipements industriels,https://www.goafricaonline.com/ci/annuaire/equipements-industriels
Industries,"Étiquetage, Marquage, Codage et traçabilité",https://www.goafricaonline.com/ci/annuaire/etiquetage-tracabilite
Industries,Exploitation forestière,https://www.goafricaonline.com/ci/annuaire/exploitation-forestiere
Industries,Exploitation minière,https://www.goafricaonline.com/ci/annuaire/exploitation-mini%C3%A8re
Industries,Exploitation pétrolière,https://www.goafricaonline.com/ci/annuaire/exploitation-p%C3%A9troliere
Industries,Fabrication de machine,https://www.goafricaonline.com/ci/annuaire/fabrication-machine
Industries,Fabrication mécanique,https://www.goafricaonline.com/ci/annuaire/fabrication-mecanique
Industries,Froid industriel,https://www.goafricaonline.com/ci/annuaire/entreprises-froid-industriel
Industries,Industrie cosmétique,https://www.goafricaonline.com/ci/annuaire/industrie-cosmetique
Industries,Industrie du papier,https://www.goafricaonline.com/ci/annuaire/industrie-du-papier
Industries,Industrie matelas mousse,https://www.goafricaonline.com/ci/annuaire/industrie-du-matelas-mousse
Industries,Industrie métallurgique,https://www.goafricaonline.com/ci/annuaire/societes-metallurgie
Industries,Industrie pharmaceutique,https://www.goafricaonline.com/ci/annuaire/industrie-pharmaceutique
Industries,Industrie plastique,https://www.goafricaonline.com/ci/annuaire/industrie-plastique
Industries,Industrie textile,https://www.goafricaonline.com/ci/annuaire/industrie-textile
Industries,Industries,https://www.goafricaonline.com/ci/annuaire/cat-industries
Industries,Ingénierie industrielle,https://www.goafricaonline.com/ci/annuaire/ingenierie-industrielle
Industries,Matériels d'imprimerie,https://www.goafricaonline.com/ci/annuaire/materiels-imprimerie
Industries,Matériels électriques,https://www.goafricaonline.com/ci/annuaire/materiels-electriques
Industries,Matériels et équipements industriels,https://www.goafricaonline.com/ci/annuaire/materiels-equipements-industriels
Industries,Mèches - Perruques (fabrication),https://www.goafricaonline.com/ci/annuaire/fabrication-meches-cheveux-perruques
Industries,Mines - Exploitations,https://www.goafricaonline.com/ci/annuaire/exploitations-minieres
Industries,Pesage industriel,https://www.goafricaonline.com/ci/annuaire/pesage-industriel-commercial
Industries,Produits chimiques,https://www.goafricaonline.com/ci/annuaire/industrie-produits-chimiques
Industries,Produits miniers,https://www.goafricaonline.com/ci/annuaire/produits-miniers
Industries,Savonnerie,https://www.goafricaonline.com/ci/annuaire/savonnerie
Industries,Sidérurgie,https://www.goafricaonline.com/ci/annuaire/siderurgie
Industries,Sous-traitants miniers,https://www.goafricaonline.com/ci/annuaire/sous-traitants-miniers
Industries,Textiles,https://www.goafricaonline.com/ci/annuaire/textiles
Industries,Tôle (fabrication),https://www.goafricaonline.com/ci/annuaire/fabrication-tole
Industries,"Tri, recyclage et collecte de déchets",https://www.goafricaonline.com/ci/annuaire/tri-recyclage-collecte-dechets
Industries,Tuiles,https://www.goafricaonline.com/ci/annuaire/tuiles
Industries,Tuyauterie industrielle,https://www.goafricaonline.com/ci/annuaire/societes-tuyauterie-industrielle
Industries,Usinage,https://www.goafricaonline.com/ci/annuaire/usinage
Industries,Verrerie,https://www.goafricaonline.com/ci/annuaire/verrerie
Sécurité,Alarmes - Surveillance,https://www.goafricaonline.com/ci/annuaire/entreprises-alarmes-surveillances
Sécurité,Conseil en sécurité,https://www.goafricaonline.com/ci/annuaire/conseil-aurit-securite
Sécurité,Gardiennage -Sécurité,https://www.goafricaonline.com/ci/annuaire/societes-gardiennage-securite
Sécurité,Matériels et équipements de protection individuelle,https://www.goafricaonline.com/ci/annuaire/equipements-protection-individuelle
Sécurité,Matériels et équipements de sécurité,https://www.goafricaonline.com/ci/annuaire/equipements-securite
Sécurité,Sécurité aérienne,https://www.goafricaonline.com/ci/annuaire/securite-aerienne
Sécurité,Sécurité alimentaire,https://www.goafricaonline.com/ci/annuaire/securite-alimentaire
Sécurité,Sécurité électronique,https://www.goafricaonline.com/ci/annuaire/securite-electronique
Sécurité,Sécurité incendie,https://www.goafricaonline.com/ci/annuaire/securite-incendie
Sécurité,Sécurité routière,https://www.goafricaonline.com/ci/annuaire/securite-routiere
Services,Automatismes,https://www.goafricaonline.com/ci/annuaire/automatismes
Services,Copie service,https://www.goafricaonline.com/ci/annuaire/photocopie-copie-service
Services,Courrier,https://www.goafricaonline.com/ci/annuaire/poste-envoi-courrier
Services,Courrier express,https://www.goafricaonline.com/ci/annuaire/courrier-express
Services,Décoration d'intérieur,https://www.goafricaonline.com/ci/annuaire/decorateur%20interieur-entreprise
Services,Déménagement - Garde meubles,https://www.goafricaonline.com/ci/annuaire/demenagement-garde-meuble
Services,Dépannage électronique,https://www.goafricaonline.com/ci/annuaire/depannage-electronique
Services,Dératisation - Désinsectisation - Désinfection,https://www.goafricaonline.com/ci/annuaire/deratisation-desinsectisation
Services,Entretien d'espaces verts,https://www.goafricaonline.com/ci/annuaire/entretien-espaces-verts
Services,Equipements de manutention,https://www.goafricaonline.com/ci/annuaire/materiel-manutention
Services,Jardinage,https://www.goafricaonline.com/ci/annuaire/jardinage
Services,Location de matériels pour réception,https://www.goafricaonline.com/ci/annuaire/location-mat%C3%A9riels-r%C3%A9ception
Services,Location de véhicules,https://www.goafricaonline.com/ci/annuaire/location-de-vehicules
Services,Nettoyage et entretien,https://www.goafricaonline.com/ci/annuaire/nettoyage-etretien
Services,Nettoyage industriel,https://www.goafricaonline.com/ci/annuaire/societes-nettoyage-industriel
Services,Photographes,https://www.goafricaonline.com/ci/annuaire/photographes
Services,Prestation de service,https://www.goafricaonline.com/ci/annuaire/prestataires-services
Services,Relocation,https://www.goafricaonline.com/ci/annuaire/relocation
Services,Studio de production,https://www.goafricaonline.com/ci/annuaire/studio-production
Services,Studio photo et vidéo,https://www.goafricaonline.com/ci/annuaire/photographe-cameraman
Services,Sûreté aéroportuaire,https://www.goafricaonline.com/ci/annuaire/securite-aeroport
Services,Toilettage,https://www.goafricaonline.com/ci/annuaire/toilettage-animaux
Services,Traducteurs / Interprètes,https://www.goafricaonline.com/ci/annuaire/traducteurs-interpretes
Sport,Articles de sport,https://www.goafricaonline.com/ci/annuaire/vente-articles-sport
Sport,Centres omnisports - Stades,https://www.goafricaonline.com/ci/annuaire/centres-omnisports-stades
Sport,Clubs de sport,https://www.goafricaonline.com/ci/annuaire/clubs-sport
Sport,"Salles de sport, gym et fitness",https://www.goafricaonline.com/ci/annuaire/salles-sport-gym-fitness
Transports,Aéroports,https://www.goafricaonline.com/ci/annuaire/aeroports
Transports,Agences en douane,https://www.goafricaonline.com/ci/annuaire/agences-en-douane
Transports,Agences maritimes,https://www.goafricaonline.com/ci/annuaire/agences-maritimes
Transports,Assistance aéroportuaire,https://www.goafricaonline.com/ci/annuaire/assistance-aeroportuaire
Transports,Assistance maritime,https://www.goafricaonline.com/ci/annuaire/assistance-maritime
Transports,Aviation d'affaires,https://www.goafricaonline.com/ci/annuaire/aviation-affaires
Transports,Avitaillement maritime,https://www.goafricaonline.com/ci/annuaire/avitaillement-maritime
Transports,Compagnies aériennes,https://www.goafricaonline.com/ci/annuaire/compagnies-aeriennes
Transports,Compagnies maritimes,https://www.goafricaonline.com/ci/annuaire/compagnies-maritimes
Transports,Consignation,https://www.goafricaonline.com/ci/annuaire/transit-consignation
Transports,Fret,https://www.goafricaonline.com/ci/annuaire/entreprises-fret
Transports,Location avion,https://www.goafricaonline.com/ci/annuaire/location-avion
Transports,Logistique,https://www.goafricaonline.com/ci/annuaire/logistique
Transports,Manutention - Entreposage,https://www.goafricaonline.com/ci/annuaire/manutention-entreposage
Transports,Ports,https://www.goafricaonline.com/ci/annuaire/ports
Transports,Routes (signalisation - entretien),https://www.goafricaonline.com/ci/annuaire/routes-signalisation-entretien
Transports,Shipping,https://www.goafricaonline.com/ci/annuaire/shipping
Transports,Transit,https://www.goafricaonline.com/ci/annuaire/entreprises-transit
Transports,Transit maritime,https://www.goafricaonline.com/ci/annuaire/transit-maritime
Transports,Transport aérien,https://www.goafricaonline.com/ci/annuaire/transport-aerien
Transports,Transport maritime / Shipping,https://www.goafricaonline.com/ci/annuaire/transport-maritime
Transports,Transport routier,https://www.goafricaonline.com/ci/annuaire/transport-routier
Transports,Transports,https://www.goafricaonline.com/ci/annuaire/cat-transports
Transports,Transports ferroviaires,https://www.goafricaonline.com/ci/annuaire/transports-ferroviaires
Transports,Transports hydrocarbures,https://www.goafricaonline.com/ci/annuaire/transports-hydrocarbures
Transports,Transports internationaux,https://www.goafricaonline.com/ci/annuaire/transports-internationaux
Transports,Transports logistiques,https://www.goafricaonline.com/ci/annuaire/transports-logistiques
Transports,Transports urbains,https://www.goafricaonline.com/ci/annuaire/transports-urbains
Transports,Transports VTC - Taxis,https://www.goafricaonline.com/ci/annuaire/taxis-vtc
Urgence,Ambulances,https://www.goafricaonline.com/ci/annuaire/ambulances
Urgence,Police,https://www.goafricaonline.com/ci/annuaire/commissariats-police
Urgence,Pompiers,https://www.goafricaonline.com/ci/annuaire/sapeurs-pompiers
